1000,Joshua,Arias,(249)427-0914,"8257 Smith Curve, Joeberg, MD 28436"
1001,Anne,Hamilton,(381)330-3157x04760,"PSC 0123, Box 4073, APO AA 94586"
1002,Michelle,Logan,547-872-2959x5102,"30543 Washington View, Taylormouth, OK 08122"
1003,Alan,Hodge,+1-506-237-9886x4701,"USNV Salazar, FPO AE 16178"
1004,Nicole,Weeks,(295)756-9791,"7548 Danielle Springs, New Anthony, MD 88686"
1005,Danny,Hawkins,756-998-3816,"32655 Ronnie Mall Suite 546, South Kristina, FM 35433"
1006,Samuel,Carpenter,640-330-3763x11186,"USS Orr, FPO AP 76518"
1007,Amanda,Caldwell,(776)237-4996x394,"797 Fleming Parks Suite 236, Kathleenfort, IN 99095"
1008,Sarah,Hamilton,226.462.3822x28977,"4429 Johnson Island Apt. 717, New Jeffreyland, MI 39768"
1009,Christopher,Proctor,+1-863-399-0022x6231,"47096 Joseph Haven Apt. 319, Paulport, AZ 99395"
1010,Debra,Wiggins,499.846.1007x903,"5947 John Mills, Cynthiashire, FM 03283"
1011,Nathaniel,Phillips,001-479-769-7698x142,"68534 Robert Stravenue Suite 874, South Elizabethfurt, NJ 92851"
1012,Natalie,Ortega,407.946.9571,"2296 Charles Streets, West Patrick, RI 60662"
1013,Jessica,Rogers,001-818-520-4320x74986,"25332 Mcclain Track, Rosston, CA 33467"
1014,Todd,Vasquez,001-464-545-8696x865,"5053 Logan Drive Suite 243, West Brittany, MA 19265"
1015,Theresa,Kirby,2633630536,"40505 Deborah Route Suite 649, North Marilynview, IA 77282"
1016,Charles,Taylor,911-977-4483x58402,"042 Courtney Bridge Suite 212, West Nicoleport, MA 14854"
1017,Janice,Lawson,533-895-7735,"6263 Matthew Knoll, North Ashley, VA 45891"
1018,Kara,Perez,2863016044,"57705 Brown Flat, Ronnieport, MP 03971"
1019,Jeff,Bowen,(398)566-0075x36783,"731 Castro Pine Suite 992, South Annahaven, VI 93924"
1020,Jasmine,Allen,001-543-346-5098x3695,"4058 Bell Corners, Port Carolhaven, MN 60680"
1021,Melissa,Meadows,561-966-3288x703,"921 Parks Plains Suite 372, Joneston, IL 75918"
1022,Ricardo,Vasquez,7432265671,"914 Joshua Islands, North Monica, WA 48770"
1023,Scott,Frazier,+1-362-886-8502,"89481 Carolyn Plains Apt. 596, East Brenda, AS 80928"
1024,Jorge,Garcia,001-375-422-6740x517,"3260 Allen Trail, New Lisa, AL 80950"
1025,Yesenia,Watson,001-452-292-9087,"3475 Emily Brooks Suite 994, Michaelville, CA 02363"
1026,Matthew,Henry,001-241-343-6694x66219,"47588 Christina Lane Apt. 290, Lake Ryanland, CT 85991"
1027,Olivia,Flores,570.991.7468x7157,"4211 Patricia Pass Apt. 717, West Amanda, NJ 33172"
1028,Steven,Smith,634.349.7081x5697,"21776 Schultz Points, Davisville, TX 62621"
1029,Whitney,Gibson,(471)359-2818,"8851 Eric Loaf Apt. 920, North Jodihaven, UT 65104"
1030,Nathan,Martin,3808621090,"9143 Graves Village Suite 404, Ryanville, GU 03289"
1031,Lisa,Campbell,+1-439-564-4212x84308,"592 Martin Plaza, North Valeriemouth, MN 87638"
1032,Anne,Ibarra,+1-259-208-7817x8744,"PSC 2139, Box 7585, APO AA 83848"
1033,Amber,Mcbride,815-732-9177x7172,"651 Fisher Lakes Apt. 248, North Davidland, TN 77137"
1034,Holly,Hess,+1-839-699-4868x484,"548 Adkins Center Suite 111, Port Dustinmouth, AK 13020"
1035,Trevor,Brown,241-927-6027x772,"86071 Grant Islands Apt. 462, Simsbury, OK 09951"
1036,Kimberly,Noble,811.434.2389,"983 William Ford, Olsonside, AR 10757"
1037,Ashley,Garcia,+1-428-869-3714x29777,"41098 Johnson Points, New Amandaland, WI 71300"
1038,Jake,Moran,001-698-272-3639,"034 Hall Course Suite 259, Ashleychester, IA 66094"
1039,Zachary,Hernandez,511-506-1031x66703,"042 Amy Bridge, North Jonathanberg, CO 01530"
1040,Albert,Davis,001-288-651-0272x8468,"01398 Michael Station Apt. 350, Crystalshire, MH 75713"
1041,Matthew,Adams,001-506-245-3257x19410,"441 Alice Streets, Port Joshuaview, NM 51109"
1042,Brittney,Bennett,581-280-8015,"11013 Danny Lodge, East Paul, MD 45297"
1043,Cassidy,Braun,436.800.9253x993,"320 Barbara Center Suite 575, Donnaview, GA 74050"
1044,Patricia,Morgan,+1-895-234-6722x0126,"053 James Manors Suite 225, Morenomouth, UT 92315"
1045,Christine,Hines,001-952-756-9666x745,"PSC 0332, Box 5654, APO AE 68267"
1046,Stephanie,Donaldson,+1-808-307-5265x78847,"88859 Conway Parkways, East Annaton, FM 39998"
1047,Sara,Barrera,446-743-5258x79907,"22548 Colleen Plain, Lake Connie, MO 98825"
1048,Michael,Owens,(259)747-3239x67556,"6351 Edwards Oval Apt. 801, South Gregorybury, UT 07304"
1049,Wesley,Potter,7216687523,"16641 Adrian Place Apt. 257, North Joshua, MA 23703"
1050,Howard,Schwartz,3707880069,"62409 Olivia Pine Suite 954, Robinsonview, OK 88277"
1051,Jeremy,Orr,(405)362-8570x620,"69218 Fox Fork Apt. 110, South Paul, PA 53429"
1052,Emily,Matthews,001-281-225-1716x8303,"USNS Wilkinson, FPO AA 45414"
1053,Misty,Johnson,(898)736-2607x350,"948 Stephen Curve Apt. 034, New Curtis, TN 61584"
1054,Maria,White,001-669-293-3141x0236,"6215 Villanueva Ridge Suite 539, Ianberg, PR 50569"
1055,Katherine,Grant,776-271-4643x42538,"9569 Michael Parkway, Sharonville, FL 89075"
1056,Carmen,Ross,+1-381-566-6762x59138,"419 Levy Shoal Suite 207, Bakerhaven, ID 83833"
1057,Laura,Peters,536-786-3551x636,"65268 Buchanan Rest, New Kristen, NH 37033"
1058,Edwin,Mcclure,(657)862-8841x36467,"PSC 5633, Box 6443, APO AE 04464"
1059,Andrew,Crawford,693.331.7271x96922,"666 Cunningham Row Suite 405, South Pamelachester, NM 65081"
1060,Sarah,Lyons,(943)815-4985x4686,"036 Chad Dam Suite 018, East Ashleychester, SD 58006"
1061,Andrea,Williams,(635)667-1673x1555,"Unit 4289 Box 0678, DPO AA 16892"
1062,Emily,Lee,(236)487-1980,"USCGC Bryant, FPO AE 72843"
1063,Jessica,Ray,9507788736,"8255 Robert Extension, Lake Albert, ND 61392"
1064,Brittany,Thompson,6359923901,"141 Turner Stravenue, Hannahtown, CO 25286"
1065,Daniel,Harris,(260)705-7787x77144,"Unit 5084 Box 2700, DPO AA 22533"
1066,Collin,Butler,001-438-384-0268x367,"3419 Carrie Burg Apt. 995, Davidport, MO 03529"
1067,Jose,Castillo,982.336.2970,"22441 Stephen Greens Suite 131, North Patrickbury, CA 13821"
1068,Carrie,Brown,+1-739-592-9727x970,"4477 Ballard Street Suite 404, North Michelleshire, MN 22999"
1069,Todd,Bright,+1-703-268-5265x855,"527 Margaret Ridge, East Shanemouth, SD 87196"
1070,Nancy,Hughes,614.583.1423,"17858 Timothy Locks Apt. 467, North Jacob, IA 19345"
1071,Patrick,Gutierrez,3616290300,"80389 Cheryl Prairie, Whiteport, CA 37579"
1072,Randy,Johnson,(411)247-7804,"7864 Garner Wells, North Michael, AL 28866"
1073,Monica,Trujillo,4873276284,"Unit 0349 Box 3693, DPO AA 51561"
1074,Maria,Copeland,3643093544,"2503 Boyd River Apt. 218, North Jennifer, DC 05238"
1075,John,Lowery,(990)529-2493,"307 White Fords, Lake Austinhaven, VI 05914"
1076,Gary,Smith,(508)985-7878,"7135 Flowers Valley Apt. 726, Lewisstad, SC 91338"
1077,John,Blackwell,+1-638-684-7707x7668,"563 Cassandra Parkway Suite 634, West Bradley, ME 96794"
1078,James,Wagner,001-329-665-1037x82424,"38691 Tanner Cape, Payneton, MI 18869"
1079,Jo,Martinez,295.599.5310x21034,"24803 Tina Alley, Caseyport, NV 02780"
1080,Jeremiah,Khan,001-897-282-4714x11756,"PSC 8511, Box 3979, APO AA 41478"
1081,David,Hill,+1-679-521-3029x5432,"390 Hall Parks, East Darlenehaven, VT 49156"
1082,Lori,Dean,(299)418-8565,"2038 Ian Causeway Suite 357, Bryantberg, ME 24970"
1083,Katelyn,Ross,944-873-3240,"08367 Eric Mission Suite 583, Farmershire, WY 64196"
1084,Ralph,Smith,(236)468-5000,"567 Brian Divide Apt. 724, Jameschester, PR 85208"
1085,Jessica,Taylor,6262199892,"Unit 5155 Box 7224, DPO AA 13283"
1086,Jessica,Moreno,001-473-314-5590x30151,"652 Williams Junctions Suite 218, Ritamouth, MO 59321"
1087,Benjamin,Dean,790.618.0233x98022,"46246 Mack Forges, Michelleview, IL 61409"
1088,Philip,Johnson,+1-515-239-8438x8958,"58276 Boyd Forks Suite 586, Brownville, GA 82463"
1089,Trevor,Johnston,001-999-566-6610x268,"4985 Beth Prairie, Debramouth, KS 52408"
1090,Nancy,Hernandez,+1-926-647-1402x7967,"66451 Brian Manors Suite 983, Lake Benjaminbury, IL 01413"
1091,Joseph,Obrien,+1-487-753-1045x48726,"800 Camacho Spring Suite 535, South Kathleenstad, OR 06999"
1092,Erica,Turner,412.864.1377,"72791 Davis Flats, New Brianfurt, AZ 78171"
1093,Jared,Lam,864-767-3010,"140 John Squares, Lake Justin, AK 14559"
1094,Zachary,Carlson,(559)684-9736x8042,"161 Chad Light, West Ashley, VA 22507"
1095,James,Fuller,(471)710-5846x942,"03414 Leslie Brooks Apt. 453, South Levi, ND 70946"
1096,Brandy,Whitehead,(560)692-7632,"452 Michelle Passage, West Erika, ME 31074"
1097,Tiffany,Tanner,4423357656,"1305 Martin Cape Apt. 835, Sarahbury, MS 38392"
1098,Robert,Hardy,441-548-7876x7462,"415 Amanda Corners, Rhondaview, GU 79959"
1099,Mary,Lawrence,883.267.2574,"92229 Gaines Skyway Suite 906, Stephaniefort, AL 63010"
1100,Keith,Wood,001-888-899-9948,"9679 Luke Ridges Suite 838, Lisaton, IL 03360"
1101,Craig,Pearson,(661)891-2904x870,"2050 Jo Trafficway Suite 942, Perezshire, LA 57737"
1102,Mary,Martin,001-271-955-6843x99009,"7434 Amber Motorway Suite 341, Lake Matthew, KY 67893"
1103,Maria,Shelton,(341)970-1277,"2114 Gray Points, Lake Jessestad, MN 02875"
1104,Kathleen,Turner,4346716470,"942 Grimes Walks Suite 298, Lyonsmouth, WV 93530"
1105,Jason,Luna,3633829602,"184 Barton Inlet, Lindafort, MI 82004"
1106,Jeffrey,Rogers,869.354.5399x958,"1881 Victoria Parks, North Maria, MI 72769"
1107,Frederick,Woods,838.361.7841x29075,"037 Aaron Mission Apt. 084, Richardburgh, PW 37264"
1108,Patricia,Mccormick,7449788903,"75174 Michael Estates Apt. 255, Lopezburgh, ID 87603"
1109,Ashley,Parsons,(709)251-5830x33298,"943 Mark Trafficway Apt. 895, Charlesfurt, TN 38578"
1110,Kevin,Fritz,+1-744-325-0499x1317,"15931 Bright Mills Suite 515, New Danielleburgh, WA 00685"
1111,Kathryn,Gordon,+1-714-935-9407,"USNS Baker, FPO AP 05497"
1112,Robert,Travis,001-505-960-4701x428,"983 Key Plaza, Johnsonland, AR 18508"
1113,Jacqueline,Riddle,+1-850-427-1063x32771,"9989 Anderson Ville, North Michelle, WI 17454"
1114,Christopher,Rivera,972-591-0440,"6155 Thompson Route, South Christopher, IN 40248"
1115,Adam,Vaughn,+1-820-785-0607,"6528 Jessica Shoals, Lake Shawn, NC 48074"
1116,Kayla,French,(927)928-8941,"14626 Jenkins Village, East Antonioburgh, VA 30680"
1117,Holly,Wright,507-681-8688,"784 Harris Circles, Gonzalezburgh, WA 76936"
1118,Danielle,Schroeder,213.806.1458x65659,"4386 Sanders Mount, Jonestown, CT 77514"
1119,Bradley,Gardner,+1-400-229-2619x959,"USCGC Garcia, FPO AE 05988"
1120,Ashley,Barton,001-200-993-6974,"2342 Michael Extension, Robertbury, MP 27407"
1121,Paul,Williamson,+1-237-515-6674x96943,"490 Margaret Walks Suite 806, West Kevinfort, PA 36050"
1122,John,Alexander,648.730.9386x43994,"7075 Sandra Causeway, Kathyland, MP 59836"
1123,Edward,Craig,001-646-508-8343x9096,"776 Bentley Union Suite 111, New Nicole, NC 44214"
1124,Taylor,Bauer,001-571-343-9359x55250,"420 Pennington Shoal, Julianfort, CO 35066"
1125,Debra,Faulkner,535-234-4921,"PSC 8576, Box 0848, APO AP 38190"
1126,Tiffany,Bowman,001-672-440-6581x198,"129 Alicia Heights, Mccarthyview, OK 60246"
1127,Brent,Fowler,536.635.8894x383,"363 Samuel Path Suite 632, Johnsonfurt, NC 09572"
1128,Edwin,Anderson,(915)461-0055x62741,"470 Murray Lights, East Laurastad, MH 82162"
1129,Thomas,Williams,+1-836-849-8981x17784,"04498 Jack Mountains, Port Anna, OR 16859"
1130,Tanya,Hunter,001-396-612-5803x91922,"120 Mary Curve, Weberhaven, VI 24786"
1131,Nathaniel,Martin,331-242-6459x956,"USCGC Marsh, FPO AP 84189"
1132,Ashley,Johnson,(242)908-1442x198,"143 Andrew Greens, Perezshire, NM 36137"
1133,Tammy,Hill,001-241-488-3911,"120 Hunt Ports, Matthewton, CT 38016"
1134,Christine,Roberts,(462)704-1720x66662,"8330 Gray Loop Suite 879, Lake Michael, GU 82049"
1135,Angela,Morales,+1-437-530-6480x22929,"646 Chapman Ramp, East Jennifermouth, OK 53280"
1136,Elaine,Hall,627-423-3745,"37443 Erin Fields Suite 832, Robertton, GU 44771"
1137,Rachel,Carson,(863)523-7720x1786,"5898 Williams Tunnel, Port Richardborough, PA 34087"
1138,Sue,Allen,281-447-9675,"Unit 5643 Box 0133, DPO AE 21759"
1139,Victor,Clark,001-424-575-7191x0020,"33326 Michael Knolls, Lake Christophershire, LA 93712"
1140,Robert,Butler,454-345-5789,"1530 Jorge Meadow, South Christinaland, AS 35819"
1141,Jennifer,Miller,965.463.2832x4877,"5924 Bolton Isle Suite 086, North Caitlin, AK 71967"
1142,Brittney,Flores,231.480.5673,"6421 Miller Freeway Apt. 594, Donaldport, DE 96312"
1143,Keith,Williams,281-706-0780,"097 Kyle Extension, Griffinside, NV 08148"
1144,Angela,Shaw,782-801-5667x523,"01749 Phillips Forges, Rodriguezview, SC 70533"
1145,Charles,Walters,646-808-9839x411,"2549 Monica Crossing, West Marissaside, MT 62478"
1146,Richard,Moss,365-640-2892x775,"39125 Good Meadows, East Eric, GA 93577"
1147,Christopher,James,892-493-3580x316,"7799 Phyllis Extension, Port Kimberly, FL 92044"
1148,Bryan,Johnson,(618)832-5967x6815,"1045 Cheryl Prairie, Lake Makayla, NE 84627"
1149,Jessica,Tucker,275-419-6983,"30600 Smith Brook Suite 741, Lake Angie, TN 65396"
1150,Victor,Harris,206-891-6466x418,"302 Amy Forest Apt. 853, Port Candiceburgh, NJ 95923"
1151,Debbie,Edwards,490.670.2131x0816,"921 Maurice Bridge, Jenniferhaven, NM 04832"
1152,Raymond,Smith,001-570-231-2003x0287,"751 Michelle Prairie Apt. 055, New Michellestad, MO 77069"
1153,Kevin,Barnes,(296)991-7420,"11948 Michael Lodge, South Andrew, OH 42467"
1154,Judy,Maxwell,838.778.9561,"PSC 1439, Box 0031, APO AA 87527"
1155,Melissa,Lewis,495-735-3367x15067,"544 Richard Trafficway, South Samantha, NC 49661"
1156,Tyler,Haney,403.822.6456x4448,"73017 Rush Loop Apt. 578, Carrollborough, IN 62376"
1157,Ricardo,Schultz,001-240-958-2635x75659,"5188 Patricia Forge, South Kenneth, NH 77403"
1158,John,Alvarado,(660)302-8415x117,"0250 Lori Shore, Mooreton, SC 78035"
1159,Shannon,Boyd,(570)299-9701x773,"749 Walsh Path Suite 481, Lake Jamesland, AR 06425"
1160,Joshua,Barrett,001-410-751-3147,"5269 Robert Mission Suite 699, Brianchester, NY 38358"
1161,Kurt,Parks,+1-538-432-0007,"945 Mcintyre Walk Suite 967, Michellefurt, MA 53140"
1162,Travis,Johnson,(755)758-8967,"54594 Hernandez Ports Apt. 613, North Jakeview, NC 72887"
1163,Scott,Donovan,5667170693,"787 Heather Islands Apt. 497, Lake Perry, CA 78528"
1164,Kathryn,Marquez,+1-716-544-7226x55751,"64256 Paul Ports Apt. 215, North Kathleenstad, MA 74808"
1165,Marvin,Grimes,4855763328,"PSC 4257, Box 0074, APO AA 34781"
1166,Hunter,Leach,001-862-775-7543x60768,"816 Kim Spring Suite 023, New Bobby, HI 28157"
1167,Kristina,Gonzalez,9982059449,"USNV Medina, FPO AE 67624"
1168,Tyler,Landry,5979644963,"9412 Daniel Roads Suite 652, North Ashleyborough, GA 50047"
1169,George,Washington,001-766-269-5965x7982,"058 Villarreal Grove Suite 421, Thomasstad, RI 98098"
1170,David,Lewis,(595)450-8825,"329 Welch Lodge Apt. 274, Bakerbury, FM 30920"
1171,Caitlyn,Jensen,769.730.1046x50538,"USS Herman, FPO AP 42119"
1172,Sarah,Rodriguez,242.658.9300,"15857 Sandy Coves Apt. 813, North James, WY 61628"
1173,Gary,George,397.953.3353,"37902 Sabrina Road, Williamsstad, OK 89455"
1174,Danielle,Dickson,409.465.1413x3101,"34321 Vargas Brooks Suite 090, Cookeport, VI 93486"
1175,Michael,Craig,001-905-294-9421x15316,"0055 Miller Spur, Jamesview, IN 38589"
1176,Brandon,Harris,+1-591-745-1145x57942,"96860 Edward Corner, East Paulbury, PR 88420"
1177,Howard,Delgado,536.866.6947x06958,"2722 Angela Forks, Gomezton, SD 00835"
1178,James,Mills,200.251.1425,"729 Shawna Brooks Suite 283, Wagnerchester, GA 22340"
1179,Daniel,Delacruz,571.599.6368x65763,"520 Cassandra Wells, Port Tyler, NY 28893"
1180,Brittany,Watson,001-678-672-6171x300,"401 Caleb Rapid Apt. 979, Chadborough, NE 17323"
1181,Elizabeth,Valdez,813-492-9260x00259,"3543 Alyssa Roads Apt. 222, Whitechester, MT 13072"
1182,Michelle,Wilson,728-760-3342x9747,"22745 Turner Turnpike, New Marcus, KS 56331"
1183,Joshua,Morrison,(719)324-5996x342,"329 Katie Canyon Suite 939, North Jamestown, MA 83497"
1184,Sara,Patton,(510)871-3585x7593,"45529 Jerry Lodge Apt. 214, Lake Sarah, VT 96651"
1185,Caroline,Adams,257-984-6118x18265,"855 Thompson Dam, North Stevenhaven, GU 66171"
1186,David,Wilcox,502-270-3295,"148 Melissa Harbor, East Autumnstad, MN 75761"
1187,Thomas,Johnson,855-914-2632x6101,"170 Martin Meadow, Bakerfort, TX 36183"
1188,Donna,Williams,518.707.2582,"22005 Melton Path, Rebeccashire, NM 45301"
1189,Elizabeth,Leonard,5176551772,"0221 Keller Tunnel Apt. 657, Lake Markchester, UT 16452"
1190,Jason,Black,(915)675-9819x890,"17202 Garza Hills, New Brandon, AL 95821"
1191,Samuel,Rodriguez,+1-463-683-8508,"69518 Fisher Views Suite 234, Rebeccaland, GU 55582"
1192,Edwin,Green,001-928-559-7174x52022,"57593 Curtis Extensions Apt. 370, North Raymondburgh, MO 17239"
1193,Melissa,Allen,+1-303-819-3805x8886,"80892 Lee Forges Suite 629, Crystaltown, MI 14167"
1194,Juan,Adams,+1-689-344-2478,"625 Lauren Lock Suite 397, Calebburgh, AR 28700"
1195,Brandon,Miller,(495)432-7268x72109,"0080 Villarreal Mill Suite 323, Carsonshire, AZ 84902"
1196,Rachel,Cooper,661.291.4148x400,"06584 Hannah Trail Apt. 467, Lake Jodishire, AL 68014"
1197,Brandy,Gordon,(525)242-8311x4150,"USCGC Hendricks, FPO AE 73645"
1198,Loretta,Thompson,8322791681,"PSC 5639, Box 2043, APO AA 59246"
1199,Jesse,Richards,394.649.9051x2072,"822 Arthur Garden, Jimenezside, KS 17209"
1200,Michelle,Hines,001-976-931-2253x09426,"82441 Turner Key, East Michael, MD 86021"
1201,James,Shaw,7255229338,"PSC 8107, Box 7702, APO AA 84380"
1202,Aaron,Walker,(819)882-5403x0394,"0516 Cunningham Keys Suite 209, Holmesborough, NH 36918"
1203,Martha,Rivera,001-655-655-7396x04529,"4752 Hooper Plains, Valentinebury, AR 41078"
1204,Heidi,Brady,+1-256-469-5295,"309 Kristen Lock Suite 654, East Raymondborough, AZ 40260"
1205,Amy,Campbell,+1-945-687-0076,"3083 Peterson Curve Suite 384, Hernandeztown, HI 22035"
1206,Richard,Hunt,3513406143,"USNV Cunningham, FPO AA 14889"
1207,Shelby,Thompson,226-283-4590x706,"86832 Denise Stream, Lake Jamesfort, DE 17609"
1208,William,Taylor,8783546340,"85457 Roberts Spur Suite 732, Lake Dawn, NY 00970"
1209,Vickie,Quinn,(613)930-9104x083,"0159 Zavala Forest Apt. 640, North Michaelfurt, MT 18699"
1210,Leah,Harris,9319026918,"75062 Jeffrey Ramp Apt. 152, Mackenziehaven, PA 71946"
1211,Tanya,Salazar,912.518.2954,"8183 Olivia Islands, Patriciaborough, RI 59333"
1212,Aaron,Andrade,(357)472-3645x131,"6221 Joel Summit, New Joshua, NH 84105"
1213,David,Garrett,468-402-7817x521,"21815 Jared Canyon, Vargasbury, MO 14545"
1214,Michele,Haynes,280.698.1330,"65140 Amanda Manors, Villanuevaside, HI 23916"
1215,Kenneth,Floyd,9507122463,"PSC 7386, Box 3015, APO AP 48651"
1216,Daniel,Williamson,467-696-3432x1324,"574 Collins Extension Suite 902, Dudleyport, HI 15300"
1217,Matthew,Martin,+1-599-202-2169x8007,"484 Terry Lodge Suite 164, East Andrew, AZ 74341"
1218,James,Johnson,613-844-3823x778,"2297 Kelsey Mountain Apt. 708, Owenstown, SC 27316"
1219,Colleen,Bowen,481-553-0055x87045,"Unit 7649 Box 8230, DPO AA 93725"
1220,Natasha,Wright,219-815-0111x24752,"71776 West Course Suite 032, Haleybury, GA 26269"
1221,Anna,Watkins,369.735.1023,"PSC 3429, Box 0624, APO AP 40377"
1222,Corey,Smith,953-739-8698x62776,"1082 Castillo Springs, Susanborough, MO 23636"
1223,Brian,Richardson,269.201.6078x324,"USNS Miller, FPO AP 36355"
1224,Cole,Sandoval,233.693.6749,"72319 Sabrina Burg Suite 160, North Brettview, MH 24071"
1225,Christina,Roberts,001-914-278-3031x962,"11578 Shannon Port, New Michele, PR 40761"
1226,Logan,Burnett,314-255-7516x154,"PSC 5983, Box 1276, APO AP 39473"
1227,Daniel,Miller,(517)674-9386x3967,"7069 Gentry Greens Apt. 500, Calhounland, CA 72938"
1228,Timothy,Rose,905-760-7822x286,"13500 Edwards Spring Apt. 780, Emilyfurt, MH 42392"
1229,Crystal,Smith,378-694-2426x48696,"4202 Amanda Stravenue, East Joshuamouth, RI 95458"
1230,Ashley,Perkins,841-441-4454x62609,"11336 Anthony Trace Apt. 868, Kristyside, RI 84410"
1231,Jennifer,Mcknight,+1-420-500-0212x588,"5723 Charles Cove Apt. 532, New Lawrencemouth, SC 35467"
1232,Melissa,Jenkins,+1-992-662-3956,"PSC 9265, Box 2566, APO AE 44370"
1233,Veronica,Glover,(326)365-8658,"1213 Sandra Turnpike, Kimberlyshire, FL 01500"
1234,Robert,Russell,765-941-0260x9029,"4797 Tyler Mount, Andrewhaven, NY 36798"
1235,Ann,Berry,001-458-710-9052x7827,"48947 Shaw Gardens Suite 105, Lake Bryanside, LA 37593"
1236,Maria,Wallace,266-216-1376x2088,"7625 Timothy Roads, Port Sylviafurt, GU 40799"
1237,Janice,Floyd,649-376-9661x5702,"968 Rodriguez Mount, Gloverfurt, WY 57604"
1238,Brian,Kelly,893-757-6693x1619,"791 Scott Spur, Zacharyberg, WY 57205"
1239,Alexandra,Alexander,598.466.9832x6531,"3876 Mann Corner, Kendraborough, NY 74359"
1240,Walter,Larson,637.249.0807,"0362 Alexander Street Apt. 360, Port Michaelborough, PA 89091"
1241,Scott,Rodriguez,9793887099,"7069 Shaun Avenue Suite 495, South Zoetown, KY 64829"
1242,Christine,Williams,(766)390-7316x3726,"83510 Wilkinson Shoals, North Brandishire, VI 09099"
1243,Cynthia,Mahoney,461-699-2435,"139 Brewer Run, Ortegaview, VI 70269"
1244,Susan,Gentry,+1-898-330-2185x15592,"324 Erica Brooks Apt. 482, South Alec, RI 41470"
1245,Christopher,Bauer,+1-728-743-1946x8565,"398 Kevin Crescent Suite 103, North Kelly, TX 05245"
1246,George,Harrington,901.739.7543x053,"844 Stephanie Islands, Ronaldfort, GU 80424"
1247,Brad,Jackson,(217)419-1711x74410,"35760 Angela Brook Apt. 138, Port Lance, HI 13099"
1248,Joy,Calderon,(908)377-0651x4570,"250 Brown Spring, Tuckerton, PA 05690"
1249,Zachary,Wright,+1-638-527-8616,"66478 Kelly Canyon, Riversfort, MD 77096"
1250,Cathy,Garner,989.638.9383,"03611 Philip Flats Apt. 719, New Aaron, SD 14091"
1251,Elizabeth,Hernandez,(623)695-1850x3858,"9251 Scott Mount Apt. 258, Alexanderburgh, NJ 12030"
1252,Adam,Baker,933.640.2111,"1473 Gonzalez Station Apt. 758, Julieton, MI 41964"
1253,Lisa,Mueller,470-988-3141x2211,"0628 Victoria Walks, Torresfurt, MP 87905"
1254,Karen,White,309-418-8390x31599,"39451 King Forge Apt. 244, Matthewberg, IA 31409"
1255,Andrea,Lang,6673496894,"4240 Mcdonald Stravenue Apt. 151, Erinland, NJ 21701"
1256,Keith,Pham,(469)613-9460x864,"9625 Riley Course, Wolfborough, TX 88264"
1257,Lori,Combs,7864795775,"726 Harris Mall, Ericmouth, MA 72349"
1258,Joshua,Singh,+1-759-880-5974x0246,"8330 Michael Islands, Benjaminside, KS 09251"
1259,Ashley,Pitts,001-667-973-0237,"10284 Joseph Mill Suite 093, Martinside, AR 76032"
1260,Rhonda,Miranda,+1-939-499-5725x9756,"Unit 4693 Box 0097, DPO AA 42139"
1261,Jessica,Torres,673-740-7797,"2190 Beth Freeway Apt. 073, New Josephburgh, CA 38895"
1262,Deborah,Mason,+1-967-860-2450x2020,"USNS Carlson, FPO AE 98440"
1263,Kenneth,Sanchez,(728)656-2304,"6793 Robert Valley, New Kathleen, AR 75136"
1264,Jonathan,Henderson,659-614-9943,"USNV Williams, FPO AP 04991"
1265,Donna,Espinoza,865.882.1182,"467 Welch Parks Suite 538, South Daniel, MP 27287"
1266,Susan,Evans,+1-764-452-5877x379,"355 Colleen Shores Apt. 477, Randallfurt, NM 52187"
1267,Brian,Garcia,(478)288-0178x1435,"1741 Bryant Prairie Suite 053, Owenborough, NH 06263"
1268,Lori,Lewis,294.530.9344,"Unit 7006 Box 4220, DPO AA 52430"
1269,Rebecca,Thompson,001-324-370-9246x0821,"230 Hancock Lights Suite 937, Christopherburgh, HI 62097"
1270,Michael,George,(451)772-0958x5646,"258 Amber Fields Apt. 907, Lake Kellyshire, NC 98195"
1271,Marvin,Hahn,+1-762-445-6391x49368,"7284 Jackson Ranch, East Gina, PW 68600"
1272,Erik,Ramsey,699.381.6216,"221 Ramos Overpass, Lake Kathrynstad, SD 17122"
1273,Madison,Stewart,001-694-945-1958x129,"7222 Wallace Wall, East Darrylmouth, FL 53424"
1274,Nancy,Church,+1-527-957-1278,"02260 Angelica Light, Lake David, IA 16061"
1275,Mark,Carlson,870-999-3398x457,"767 Jennifer Highway, Donnamouth, FL 82432"
1276,Teresa,Martin,786.330.5553,"29647 Curtis Passage Suite 050, Jacksonshire, SC 45122"
1277,Timothy,Boyd,8289060654,"807 Miller Avenue, North Bradleychester, IN 83575"
1278,Kyle,Mcbride,(886)810-0306,"613 Allison Lock, West Victor, WY 69940"
1279,Kent,Adams,001-399-639-0476,"7447 Jesse Throughway Suite 964, Palmermouth, NH 76375"
1280,Emily,Huynh,+1-933-746-8282x117,"PSC 5307, Box 3590, APO AP 75312"
1281,Jean,Gonzalez,527.302.3229,"9425 Kristopher Forks Apt. 512, Freemanberg, MH 72219"
1282,Sierra,Crawford,(531)812-5392x459,"Unit 3398 Box 0928, DPO AE 99665"
1283,David,Richardson,(271)706-7656,"47769 Spencer Via Suite 174, Davisborough, WA 19810"
1284,Stacey,Velazquez,(568)619-7267,"PSC 9196, Box 4469, APO AA 70318"
1285,Krista,Downs,(306)284-9421,"PSC 8082, Box 3788, APO AA 85115"
1286,Rebecca,Lane,+1-871-547-9234x5674,"576 Mary Field Apt. 213, Jessicamouth, MN 10050"
1287,Cassandra,Wilson,2148736714,"7211 Alicia Crescent, Erictown, AK 47844"
1288,Frank,Berry,001-667-799-2915x39987,"PSC 3851, Box 8551, APO AE 12672"
1289,Joan,Berry,(876)434-1839,"74363 Johnson Underpass, North George, NC 50612"
1290,Justin,Figueroa,682-981-8932,"96996 Nicholas Forge Apt. 302, Lisastad, MI 65861"
1291,Crystal,Smith,+1-809-894-3053x048,"0539 Lloyd Orchard, East Jonathan, GU 78792"
1292,Rachel,Castro,732-220-2937,"614 Tran Mews, New Leonardchester, MI 19677"
1293,Elizabeth,Price,820-373-1569,"64555 Denise Port, West Carloshaven, KS 43731"
1294,Monica,Smith,001-686-805-8925,"52310 Kevin Glens Suite 051, East Alyssaburgh, MH 63650"
1295,Anna,Brown,001-241-651-7274,"551 Alexander Pike, Dannyborough, RI 54738"
1296,Pamela,Woodard,989.507.3257,"9794 Schneider Greens, Gomezbury, SC 75807"
1297,Christopher,Whitehead,001-554-795-2664x1398,"8472 Kathryn Park, North Phillip, CA 14048"
1298,Deborah,Hill,(672)857-9778,"3047 Thomas Estates, Rosston, MD 17262"
1299,James,Smith,+1-700-237-4096x80666,"PSC 6216, Box 7048, APO AA 92309"
