id,name,phone_number,address
1,"Anderson, Dougherty and Reilly",6218757434,"2431 Bean Fords, New Andrewborough, VT 87205"
2,Wilson Ltd,260.340.7278,"81778 Guerrero Pass Suite 304, Smithfort, WV 16931"
3,"Rose, Cross and Garcia",001-629-797-3080,"2142 Valerie Drive Suite 114, West Kathyville, SC 88837"
4,Butler-Clark,(466)756-6899,"6191 Mendoza Walk, East Stacymouth, WA 20723"
5,"Benjamin, Hopkins and Stewart",(510)580-2603,"777 Murphy Flats, Lake Melissa, NY 81277"
6,Thomas Inc,001-450-813-9051,"USCGC Sharp, FPO AE 45429"
7,"Knapp, Owens and Fleming",(525)200-6472x676,"419 Sarah Burgs Suite 430, East Martha, GU 68871"
8,Hansen-Russo,001-300-866-5671,"326 William Fall, Markfort, HI 15435"
9,Smith LLC,+1-265-666-3203x492,"USS Walker, FPO AA 16684"
10,Chan LLC,(996)510-0815x5657,"2403 Brittany Lane, New Michellestad, NC 83677"
11,"Crawford, Levine and Ray",+1-227-743-4520x268,"633 Katie Mount, East Danielborough, NV 47778"
12,Walton-Benson,001-342-295-3097x1434,"2967 Taylor Pines, Thompsonborough, NV 52172"
13,Lee Ltd,001-551-892-0576x0142,"21016 Watson Knolls Apt. 111, Lake Michelle, TX 23370"
14,Jimenez LLC,7445517688,"235 Williams Drives, East Gregoryland, CA 87601"
15,"Rodriguez, Morrison and Williams",001-907-321-1365x369,"75446 Miles Manor Suite 694, Walkerbury, MA 88256"
16,Russell-Adams,578-523-8983,"0588 Aimee Street, South Theresaport, NH 87594"
17,Rodgers PLC,+1-869-350-9325x90871,"33621 Ronald Junction, East Theresaside, IN 54639"
18,Fernandez Inc,(551)390-2714x196,"537 Diane View Suite 821, Bettychester, IL 06349"
19,"Garcia, Jones and Turner",8202965305,"USCGC Payne, FPO AE 87129"
20,Gonzalez and Sons,+1-595-440-7424x599,"377 Moore Brooks, Joshuastad, PA 27451"
21,"Choi, Walsh and Oconnor",001-672-785-7684x850,"Unit 7652 Box 7720, DPO AE 56990"
22,Diaz LLC,001-936-791-2975x7619,"Unit 2290 Box 6006, DPO AA 32689"
23,"Compton, Chavez and Shepherd",001-411-737-1124x6405,"9345 Guerra Manor Suite 036, Kimberlyport, SC 97779"
24,Ibarra Inc,+1-561-393-2722,"63738 Heather Stream Suite 632, Port Louisport, OK 19056"
25,Anthony-Durham,+1-436-382-8655,"9276 Mcdonald Lock, New Jeffrey, NE 61987"
26,Reilly-Woodward,(287)699-3953x345,"USNV Martinez, FPO AP 24187"
27,Camacho-Williams,895-680-2240x8428,"31333 Mills Rue, Timothyburgh, MO 73834"
28,"Harris, Tucker and York",360-716-5845x1496,"9180 Freeman Ford Suite 129, South Stefanieton, NM 16409"
29,Fisher-Ray,(367)271-1382x157,"4797 Johnson Branch, North Ryanshire, HI 04276"
30,Melendez Group,(557)747-4460,"4341 Kelly Island, Lopezburgh, SD 56050"
31,"Campbell, Fleming and Wood",(428)269-7040x1153,"9031 Joseph Motorway Suite 894, Hernandezborough, IL 28417"
32,Pollard-Wagner,2482564099,"17193 Joshua Plaza, Davidside, ND 91680"
33,"Webster, Christensen and Garcia",(305)454-1063x508,"74185 Caldwell Trail, Fordborough, FL 85550"
34,"King, Larsen and Crane",001-725-600-4829x1690,"34873 Rebecca Forge, Port Tanyafurt, ND 67595"
35,Garner and Sons,822.442.9082x096,"USNV Mercado, FPO AA 62088"
36,Chang LLC,922.874.4251x418,"82662 Bonilla Street Suite 428, West Sarah, CA 91164"
37,Warren PLC,001-977-343-5102,"073 Garcia Route Apt. 215, East Ericstad, ID 03773"
38,Riley-Mckinney,(200)867-6260x697,"Unit 9974 Box 5322, DPO AA 95266"
39,Fields-Shaw,001-976-532-7658x6367,"67122 Bradley Land Suite 017, Weissshire, AR 97273"
40,"Kidd, Ramirez and Hamilton",203.839.4784,"02606 Patricia Light, Shelbyport, VT 19241"
41,"Lewis, Brown and White",(438)880-6843x661,"2717 Mitchell Valley, Brownland, CT 76804"
42,"Ramirez, Thomas and Jones",(588)423-1533x9517,"7647 Walker Skyway Suite 898, Lake Willie, PW 00600"
43,Taylor-Dennis,+1-800-977-9841x120,"80444 Eric Track Apt. 618, Philipton, NM 39754"
44,Fowler PLC,+1-945-440-1424x64753,"4265 Samantha View, Lake Lisa, VI 85229"
45,Harrison Group,360-951-0480x14399,"707 Parker Fort, Jacksonborough, DC 25681"
46,Smith and Sons,+1-325-687-4131x6955,"27832 Martin Village Suite 337, Stevensonview, MS 44081"
47,Banks-Welch,628.584.3832,"974 Morris Vista, Caldwellmouth, MD 89133"
48,Gomez-Jones,001-806-701-8158x74688,"621 Perry Lodge, Port Stevenfort, TN 03385"
49,Johnston-Figueroa,453.871.8736,"56146 Cross Canyon, Kellyberg, ID 43978"
50,Howell-Smith,(887)225-3693x32776,"5726 Newman Crest Apt. 277, Sarahhaven, MI 95526"
